date,time,ip,leap_status,stratum,rfc_5905_1-3,rfc_5905_3-5,delay_tests,local_poll,remote_poll,score,estimated_local_error,peer_delay,peer_dispersion,root_delay,root_dispersion,reference_id,ntp_mode,transmit_timestamp_source,receive_timestamp_source
2021-12-19,05:01:15,129.6.15.29,N,1,111,111,1111,10,13,1.00,-2.060e-03,3.078e-02,3.177e-07,2.441e-04,4.883e-04,4E495354,4B,D,K
2021-12-19,05:09:58,129.6.15.28,N,1,111,111,1111,10,13,0.70,2.562e-03,2.597e-02,3.458e-07,2.441e-04,4.883e-04,4E495354,4B,D,K
2021-12-19,05:18:38,129.6.15.29,N,1,111,111,1101,10,13,1.00,-4.487e-02,1.167e-01,3.436e-07,2.441e-04,4.883e-04,4E495354,4B,D,K
2021-12-19,05:27:10,129.6.15.28,N,1,111,111,1111,10,13,0.64,2.058e-04,2.123e-02,3.340e-07,2.441e-04,4.883e-04,4E495354,4B,D,K
2021-12-19,05:35:58,129.6.15.29,N,1,111,111,1111,10,13,0.94,-4.417e-04,1.939e-02,3.188e-07,2.441e-04,4.883e-04,4E495354,4B,D,K
2021-12-19,05:44:19,129.6.15.28,N,1,111,111,1111,10,13,0.61,1.624e-03,2.469e-02,3.518e-07,2.441e-04,4.883e-04,4E495354,4B,D,K
2021-12-19,05:53:22,129.6.15.29,N,1,111,111,1111,10,13,0.88,9.547e-04,2.335e-02,3.453e-07,2.441e-04,4.883e-04,4E495354,4B,D,K
2021-12-19,06:01:32,129.6.15.28,N,1,111,111,1111,10,13,0.61,9.588e-03,3.997e-02,3.571e-07,2.441e-04,4.883e-04,4E495354,4B,D,K
2021-12-19,06:10:35,129.6.15.29,N,1,111,111,1111,10,13,0.84,1.417e-03,2.377e-02,3.545e-07,2.441e-04,4.883e-04,4E495354,4B,D,K
2021-12-19,06:18:47,129.6.15.28,N,1,111,111,1101,10,13,0.63,1.964e-02,7.267e-02,3.283e-07,2.441e-04,4.883e-04,4E495354,4B,D,K
2021-12-19,06:27:56,129.6.15.29,N,1,111,111,1111,10,13,0.78,1.627e-03,2.401e-02,3.433e-07,2.441e-04,4.883e-04,4E495354,4B,D,K
2021-12-19,06:35:52,129.6.15.28,N,1,111,111,1111,10,13,0.65,1.730e-03,2.400e-02,3.186e-07,2.441e-04,4.883e-04,4E495354,4B,D,K
2021-12-19,06:45:15,129.6.15.29,N,1,111,111,1111,10,13,0.72,1.072e-03,2.353e-02,3.829e-07,2.441e-04,4.883e-04,4E495354,4B,D,K
2021-12-19,06:53:02,129.6.15.28,N,1,111,111,1101,10,13,0.67,2.020e-02,6.769e-02,3.230e-07,2.441e-04,4.883e-04,4E495354,4B,D,K
2021-12-19,07:02:39,129.6.15.29,N,1,111,111,1111,10,13,0.66,1.463e-03,2.381e-02,3.463e-07,2.441e-04,4.883e-04,4E495354,4B,D,K
2021-12-19,07:10:19,129.6.15.28,N,1,111,111,1111,10,13,0.70,1.247e-03,2.325e-02,3.170e-07,2.441e-04,4.883e-04,4E495354,4B,D,K
2021-12-19,07:19:49,129.6.15.29,N,1,111,111,1111,10,13,0.62,9.869e-04,2.259e-02,3.399e-07,2.441e-04,4.883e-04,4E495354,4B,D,K
2021-12-19,07:27:24,129.6.15.28,N,1,111,111,1111,10,13,0.74,1.505e-03,2.390e-02,3.165e-07,2.441e-04,4.883e-04,4E495354,4B,D,K
2021-12-19,07:37:03,129.6.15.29,N,1,111,111,1111,10,13,0.59,1.661e-03,2.417e-02,3.327e-07,2.441e-04,4.883e-04,4E495354,4B,D,K
2021-12-19,07:44:30,129.6.15.28,N,1,111,111,1111,10,13,0.81,2.696e-03,2.663e-02,3.163e-07,2.441e-04,4.883e-04,4E495354,4B,D,K
2021-12-19,07:54:09,129.6.15.29,N,1,111,111,1111,10,13,0.59,-5.112e-04,2.821e-02,3.255e-07,2.441e-04,4.883e-04,4E495354,4B,D,K
2021-12-19,08:01:41,129.6.15.28,N,1,111,111,1101,10,13,0.83,-6.145e-03,3.887e-02,3.172e-07,2.441e-04,4.883e-04,4E495354,4B,D,K
2021-12-19,08:11:28,129.6.15.29,N,1,111,111,1111,10,13,0.61,1.776e-03,2.451e-02,3.238e-07,2.441e-04,4.883e-04,4E495354,4B,D,K
2021-12-19,08:28:37,129.6.15.29,N,1,111,111,1111,10,13,0.64,1.627e-03,2.416e-02,3.215e-07,2.441e-04,4.883e-04,4E495354,4B,D,K
2021-12-19,08:36:04,129.6.15.28,N,1,111,111,1111,10,13,0.94,1.384e-03,2.412e-02,3.159e-07,2.441e-04,4.883e-04,4E495354,4B,D,K
2021-12-19,08:45:53,129.6.15.29,N,1,111,111,1111,10,13,0.69,-1.580e-04,2.525e-02,3.199e-07,2.441e-04,4.883e-04,4E495354,4B,D,K
2021-12-19,08:53:17,129.6.15.28,N,1,111,111,1111,10,13,0.88,1.357e-03,2.363e-02,3.160e-07,2.441e-04,4.883e-04,4E495354,4B,D,K
2021-12-19,09:03:14,129.6.15.29,N,1,111,111,1111,10,13,0.75,5.116e-04,2.649e-02,3.206e-07,2.441e-04,4.883e-04,4E495354,4B,D,K
2021-12-19,09:10:28,129.6.15.28,N,1,111,111,1111,10,13,0.84,1.203e-03,2.372e-02,3.163e-07,2.441e-04,4.883e-04,4E495354,4B,D,K
2021-12-19,09:20:38,129.6.15.29,N,1,111,111,1111,10,13,0.83,1.628e-03,2.474e-02,3.194e-07,2.441e-04,4.883e-04,4E495354,4B,D,K
2021-12-19,09:27:36,129.6.15.28,N,1,111,111,1111,10,13,0.78,-2.770e-04,2.187e-02,3.153e-07,2.441e-04,4.883e-04,4E495354,4B,D,K
2021-12-19,09:37:59,129.6.15.29,N,1,111,111,1111,10,13,0.92,2.295e-03,2.603e-02,3.187e-07,2.441e-04,4.883e-04,4E495354,4B,D,K
2021-12-19,09:44:53,129.6.15.28,N,1,111,111,1111,10,13,0.75,5.514e-04,2.223e-02,3.224e-07,2.441e-04,4.883e-04,4E495354,4B,D,K
2021-12-19,09:55:05,129.6.15.29,N,1,111,111,1111,10,13,1.00,1.198e-03,2.354e-02,3.178e-07,2.441e-04,4.883e-04,4E495354,4B,D,K
2021-12-19,10:02:18,129.6.15.28,N,1,111,111,1111,10,13,0.75,2.568e-03,2.666e-02,3.228e-07,2.441e-04,4.883e-04,4E495354,4B,D,K
2021-12-19,10:12:16,129.6.15.29,N,1,111,111,1111,10,13,1.00,1.333e-03,2.415e-02,3.170e-07,2.441e-04,4.883e-04,4E495354,4B,D,K
2021-12-19,10:19:29,129.6.15.28,N,1,111,111,1111,10,13,0.77,1.919e-03,2.554e-02,3.204e-07,2.441e-04,4.883e-04,4E495354,4B,D,K
2021-12-19,10:29:37,129.6.15.29,N,1,111,111,1111,10,13,1.00,1.136e-03,2.270e-02,3.163e-07,2.441e-04,4.883e-04,4E495354,4B,D,K
2021-12-19,10:36:44,129.6.15.28,N,1,111,111,1111,10,13,0.80,8.874e-04,2.353e-02,3.185e-07,2.441e-04,4.883e-04,4E495354,4B,D,K
2021-12-19,10:46:41,129.6.15.29,N,1,111,111,1111,10,13,1.00,1.462e-03,2.407e-02,3.159e-07,2.441e-04,4.883e-04,4E495354,4B,D,K
2021-12-19,10:53:54,129.6.15.28,N,1,111,111,1101,10,13,0.82,-8.242e-04,3.141e-02,3.186e-07,2.441e-04,4.883e-04,4E495354,4B,D,K
2021-12-19,11:03:58,129.6.15.29,N,1,111,111,1111,10,13,1.00,1.663e-03,2.442e-02,3.157e-07,2.441e-04,4.883e-04,4E495354,4B,D,K
2021-12-19,11:10:58,129.6.15.28,N,1,111,111,1111,10,13,0.82,1.198e-03,2.366e-02,3.174e-07,2.441e-04,4.883e-04,4E495354,4B,D,K
2021-12-19,11:21:10,129.6.15.29,N,1,111,111,1111,10,13,1.00,2.182e-03,2.501e-02,3.156e-07,2.441e-04,4.883e-04,4E495354,4B,D,K
2021-12-19,11:28:13,129.6.15.28,N,1,111,111,1111,10,13,0.75,1.371e-03,2.347e-02,3.205e-07,2.441e-04,4.883e-04,4E495354,4B,D,K
2021-12-19,11:38:16,129.6.15.29,N,1,111,111,1101,10,13,1.00,1.016e-02,5.059e-02,3.172e-07,2.441e-04,4.883e-04,4E495354,4B,D,K
2021-12-19,11:45:35,129.6.15.28,N,1,111,111,1111,10,13,0.72,1.565e-03,2.419e-02,3.206e-07,2.441e-04,4.883e-04,4E495354,4B,D,K
2021-12-19,11:55:30,129.6.15.29,N,1,111,111,1111,10,13,1.00,1.520e-03,2.413e-02,3.154e-07,2.441e-04,4.883e-04,4E495354,4B,D,K
2021-12-19,12:02:45,129.6.15.28,N,1,111,111,1111,10,13,0.72,7.227e-04,2.670e-02,3.182e-07,2.441e-04,4.883e-04,4E495354,4B,D,K
2021-12-19,12:12:47,129.6.15.29,N,1,111,111,1111,10,13,1.00,1.071e-03,2.339e-02,3.152e-07,2.441e-04,4.883e-04,4E495354,4B,D,K
2021-12-19,12:20:03,129.6.15.28,N,1,111,111,1101,10,13,0.74,1.821e-02,5.706e-02,3.312e-07,2.441e-04,4.883e-04,4E495354,4B,D,K
2021-12-19,12:30:11,129.6.15.29,N,1,111,111,1111,10,13,1.00,6.012e-04,2.638e-02,3.152e-07,2.441e-04,4.883e-04,4E495354,4B,D,K
2021-12-19,12:47:16,129.6.15.29,N,1,111,111,1111,10,13,1.00,1.003e-03,2.349e-02,3.151e-07,2.441e-04,4.883e-04,4E495354,4B,D,K
2021-12-19,12:54:23,129.6.15.28,N,1,111,111,1111,10,13,1.00,9.594e-04,2.452e-02,3.213e-07,2.441e-04,4.883e-04,4E495354,4B,D,K
2021-12-19,13:04:33,129.6.15.29,N,1,111,111,1111,10,13,1.00,1.309e-03,2.339e-02,3.149e-07,2.441e-04,4.883e-04,4E495354,4B,D,K
2021-12-19,13:11:29,129.6.15.28,N,1,111,111,1111,10,13,1.00,1.834e-03,2.492e-02,3.191e-07,2.441e-04,4.883e-04,4E495354,4B,D,K
2021-12-19,13:21:39,129.6.15.29,N,1,111,111,1111,10,13,1.00,1.086e-03,2.301e-02,3.148e-07,2.441e-04,4.883e-04,4E495354,4B,D,K
2021-12-19,13:28:44,129.6.15.28,N,1,111,111,1111,10,13,1.00,1.518e-03,2.457e-02,3.182e-07,2.441e-04,4.883e-04,4E495354,4B,D,K
2021-12-19,13:38:54,129.6.15.29,N,1,111,111,1111,10,13,1.00,9.015e-04,2.315e-02,3.147e-07,2.441e-04,4.883e-04,4E495354,4B,D,K
2021-12-19,13:46:03,129.6.15.28,N,1,111,111,1101,10,13,1.00,3.057e-02,8.234e-02,3.259e-07,2.441e-04,4.883e-04,4E495354,4B,D,K
2021-12-19,13:56:17,129.6.15.29,N,1,111,111,1111,10,13,1.00,9.393e-04,2.334e-02,3.146e-07,2.441e-04,4.883e-04,4E495354,4B,D,K
2021-12-19,14:13:33,129.6.15.29,N,1,111,111,1111,10,13,1.00,9.163e-04,2.447e-02,3.146e-07,2.441e-04,4.883e-04,4E495354,4B,D,K
2021-12-19,14:20:40,129.6.15.28,N,1,111,111,1111,10,13,1.00,9.611e-04,2.459e-02,3.175e-07,2.441e-04,4.883e-04,4E495354,4B,D,K
2021-12-19,14:30:48,129.6.15.29,N,1,111,111,1111,10,13,1.00,1.232e-03,2.379e-02,3.146e-07,2.441e-04,4.883e-04,4E495354,4B,D,K
2021-12-19,14:37:58,129.6.15.28,N,1,111,111,1111,10,13,0.94,1.640e-03,2.662e-02,3.170e-07,2.441e-04,4.883e-04,4E495354,4B,D,K
2021-12-19,14:48:10,129.6.15.29,N,1,111,111,1111,10,13,1.00,-1.391e-04,2.098e-02,3.145e-07,2.441e-04,4.883e-04,4E495354,4B,D,K
2021-12-19,14:55:16,129.6.15.28,N,1,111,111,1111,10,13,0.91,1.588e-03,2.464e-02,3.265e-07,2.441e-04,4.883e-04,4E495354,4B,D,K
2021-12-19,15:05:25,129.6.15.29,N,1,111,111,1111,10,13,1.00,1.030e-03,2.349e-02,3.146e-07,2.441e-04,4.883e-04,4E495354,4B,D,K
2021-12-19,15:12:24,129.6.15.28,N,1,111,111,1111,10,13,0.84,1.694e-03,2.527e-02,3.231e-07,2.441e-04,4.883e-04,4E495354,4B,D,K
2021-12-19,15:22:49,129.6.15.29,N,1,111,111,1111,10,13,1.00,9.444e-04,2.290e-02,3.148e-07,2.441e-04,4.883e-04,4E495354,4B,D,K
2021-12-19,15:40:04,129.6.15.29,N,1,111,111,1111,10,13,0.94,1.147e-03,2.670e-02,3.151e-07,2.441e-04,4.883e-04,4E495354,4B,D,K
2021-12-19,15:46:55,129.6.15.28,N,1,111,111,1111,10,13,0.94,1.761e-03,2.510e-02,3.326e-07,2.441e-04,4.883e-04,4E495354,4B,D,K
2021-12-19,15:57:18,129.6.15.29,N,1,111,111,1111,10,13,0.88,8.510e-04,2.280e-02,3.516e-07,2.441e-04,4.883e-04,4E495354,4B,D,K
2021-12-19,16:04:00,129.6.15.28,N,1,111,111,1111,10,13,0.91,1.695e-03,2.464e-02,3.324e-07,2.441e-04,4.883e-04,4E495354,4B,D,K
2021-12-19,16:14:41,129.6.15.29,N,1,111,111,1111,10,13,0.81,7.486e-04,2.296e-02,3.426e-07,2.441e-04,4.883e-04,4E495354,4B,D,K
2021-12-19,16:21:06,129.6.15.28,N,1,111,111,1111,10,13,0.84,1.639e-03,2.480e-02,3.255e-07,2.441e-04,4.883e-04,4E495354,4B,D,K
2021-12-19,16:31:46,129.6.15.29,N,1,111,111,1111,10,13,0.78,2.343e-03,2.586e-02,3.312e-07,2.441e-04,4.883e-04,4E495354,4B,D,K
2021-12-19,16:38:16,129.6.15.28,N,1,111,111,1111,10,13,0.81,1.504e-03,2.396e-02,3.150e-07,2.441e-04,4.883e-04,4E495354,4B,D,K
2021-12-19,16:48:51,129.6.15.29,N,1,111,111,1111,10,13,0.72,-6.762e-04,1.967e-02,3.246e-07,2.441e-04,4.883e-04,4E495354,4B,D,K
2021-12-19,16:55:38,129.6.15.28,N,1,111,111,1111,10,13,0.75,-6.866e-04,2.139e-02,3.160e-07,2.441e-04,4.883e-04,4E495354,4B,D,K
2021-12-19,17:06:02,129.6.15.29,N,1,111,111,1111,10,13,0.66,1.783e-03,2.447e-02,3.548e-07,2.441e-04,4.883e-04,4E495354,4B,D,K
2021-12-19,17:23:06,129.6.15.29,N,1,111,111,1111,10,13,0.62,1.073e-03,2.386e-02,3.817e-07,2.441e-04,4.883e-04,4E495354,4B,D,K
2021-12-19,17:40:26,129.6.15.29,N,1,111,111,1111,10,13,0.56,1.023e-03,2.312e-02,3.540e-07,2.441e-04,4.883e-04,4E495354,4B,D,K
2021-12-19,17:47:34,129.6.15.28,N,1,111,111,1111,10,13,0.97,1.793e-03,2.422e-02,3.516e-07,2.441e-04,4.883e-04,4E495354,4B,D,K
2021-12-19,17:57:48,129.6.15.29,N,1,111,111,1111,10,13,0.53,2.719e-03,2.648e-02,3.895e-07,2.441e-04,4.883e-04,4E495354,4B,D,K
2021-12-19,18:04:56,129.6.15.28,N,1,111,111,1111,10,13,0.91,1.242e-03,2.566e-02,3.455e-07,2.441e-04,4.883e-04,4E495354,4B,D,K
2021-12-19,18:15:03,129.6.15.29,N,1,111,111,1111,10,13,0.53,1.378e-03,2.379e-02,3.575e-07,2.441e-04,4.883e-04,4E495354,4B,D,K
2021-12-19,18:22:08,129.6.15.28,N,1,111,111,1111,10,13,0.84,1.456e-03,2.866e-02,3.744e-07,2.441e-04,4.883e-04,4E495354,4B,D,K
2021-12-19,18:32:27,129.6.15.29,N,1,111,111,1111,10,13,0.55,-4.124e-05,2.099e-02,3.379e-07,2.441e-04,4.883e-04,4E495354,4B,D,K
2021-12-19,18:39:24,129.6.15.28,N,1,111,111,1111,10,13,0.78,1.327e-03,2.366e-02,3.625e-07,2.441e-04,4.883e-04,4E495354,4B,D,K
2021-12-19,18:49:35,129.6.15.29,N,1,111,111,1111,10,13,0.58,1.452e-03,2.386e-02,3.331e-07,2.441e-04,4.883e-04,4E495354,4B,D,K
2021-12-19,18:56:41,129.6.15.28,N,1,111,111,1111,10,13,0.72,1.030e-03,2.581e-02,3.508e-07,2.441e-04,4.883e-04,4E495354,4B,D,K
2021-12-19,19:06:40,129.6.15.29,N,1,111,111,1111,10,13,0.62,2.104e-03,2.518e-02,3.297e-07,2.441e-04,4.883e-04,4E495354,4B,D,K
2021-12-19,19:14:03,129.6.15.28,N,1,111,111,1111,10,13,0.66,1.164e-03,2.449e-02,3.357e-07,2.441e-04,4.883e-04,4E495354,4B,D,K
2021-12-19,19:23:52,129.6.15.29,N,1,111,111,1111,10,13,0.69,1.419e-03,2.351e-02,3.261e-07,2.441e-04,4.883e-04,4E495354,4B,D,K
2021-12-19,19:41:13,129.6.15.29,N,1,111,111,1111,10,13,0.77,8.723e-04,2.487e-02,3.242e-07,2.441e-04,4.883e-04,4E495354,4B,D,K
2021-12-19,19:48:48,129.6.15.28,N,1,111,111,1111,10,13,0.88,1.297e-03,2.421e-02,3.203e-07,2.441e-04,4.883e-04,4E495354,4B,D,K
2021-12-19,19:58:32,129.6.15.29,N,1,111,111,1111,10,13,0.86,2.818e-04,2.571e-02,3.229e-07,2.441e-04,4.883e-04,4E495354,4B,D,K
2021-12-19,20:05:54,129.6.15.28,N,1,111,111,1111,10,13,0.84,5.651e-04,2.754e-02,3.209e-07,2.441e-04,4.883e-04,4E495354,4B,D,K
2021-12-19,20:15:38,129.6.15.29,N,1,111,111,1111,10,13,0.97,1.294e-03,2.358e-02,3.210e-07,2.441e-04,4.883e-04,4E495354,4B,D,K
2021-12-19,20:23:03,129.6.15.28,N,1,111,111,1111,10,13,0.84,1.776e-03,2.485e-02,3.205e-07,2.441e-04,4.883e-04,4E495354,4B,D,K
2021-12-19,20:32:43,129.6.15.29,N,1,111,111,1111,10,13,1.00,2.199e-03,2.588e-02,3.204e-07,2.441e-04,4.883e-04,4E495354,4B,D,K
2021-12-19,20:40:20,129.6.15.28,N,1,111,111,1101,10,13,0.86,-3.953e-03,3.410e-02,3.215e-07,2.441e-04,4.883e-04,4E495354,4B,D,K
2021-12-19,20:50:01,129.6.15.29,N,1,111,111,1111,10,13,1.00,1.704e-03,2.389e-02,3.193e-07,2.441e-04,4.883e-04,4E495354,4B,D,K
2021-12-19,20:57:42,129.6.15.28,N,1,111,111,1111,10,13,0.88,1.365e-03,2.441e-02,3.193e-07,2.441e-04,4.883e-04,4E495354,4B,D,K
2021-12-19,21:07:16,129.6.15.29,N,1,111,111,1111,10,13,1.00,9.838e-04,2.378e-02,3.185e-07,2.441e-04,4.883e-04,4E495354,4B,D,K
2021-12-19,21:15:02,129.6.15.28,N,1,111,111,1111,10,13,0.91,3.393e-03,2.760e-02,3.174e-07,2.441e-04,4.883e-04,4E495354,4B,D,K
2021-12-19,21:24:30,129.6.15.29,N,1,111,111,1111,10,13,1.00,8.197e-04,2.396e-02,3.179e-07,2.441e-04,4.883e-04,4E495354,4B,D,K
2021-12-19,21:32:09,129.6.15.28,N,1,111,111,1111,10,13,0.94,1.841e-03,2.427e-02,3.193e-07,2.441e-04,4.883e-04,4E495354,4B,D,K
2021-12-19,21:41:48,129.6.15.29,N,1,111,111,1111,10,13,1.00,-1.461e-03,3.046e-02,3.184e-07,2.441e-04,4.883e-04,4E495354,4B,D,K
2021-12-19,21:49:25,129.6.15.28,N,1,111,111,1111,10,13,0.96,1.676e-03,2.396e-02,3.180e-07,2.441e-04,4.883e-04,4E495354,4B,D,K
2021-12-19,21:59:03,129.6.15.29,N,1,111,111,1101,10,13,1.00,4.006e-02,1.049e-01,3.294e-07,2.441e-04,4.883e-04,4E495354,4B,D,K
2021-12-19,22:16:17,129.6.15.29,N,1,111,111,1111,10,13,1.00,1.274e-03,2.413e-02,3.174e-07,2.441e-04,4.883e-04,4E495354,4B,D,K
2021-12-19,22:24:02,129.6.15.28,N,1,111,111,1111,10,13,1.00,1.504e-03,2.374e-02,3.181e-07,2.441e-04,4.883e-04,4E495354,4B,D,K
2021-12-19,22:33:34,129.6.15.29,N,1,111,111,1111,10,13,1.00,-4.170e-04,2.010e-02,3.165e-07,2.441e-04,4.883e-04,4E495354,4B,D,K
2021-12-19,22:41:13,129.6.15.28,N,1,111,111,1101,10,13,1.00,-6.439e-03,4.101e-02,3.186e-07,2.441e-04,4.883e-04,4E495354,4B,D,K
2021-12-19,22:50:44,129.6.15.29,N,1,111,111,1111,10,13,1.00,8.443e-04,2.292e-02,3.164e-07,2.441e-04,4.883e-04,4E495354,4B,D,K
2021-12-19,22:58:26,129.6.15.28,N,1,111,111,1111,10,13,1.00,1.447e-03,2.347e-02,3.166e-07,2.441e-04,4.883e-04,4E495354,4B,D,K
2021-12-19,23:07:50,129.6.15.29,N,1,111,111,1111,10,13,1.00,8.652e-04,2.490e-02,3.163e-07,2.441e-04,4.883e-04,4E495354,4B,D,K
2021-12-19,23:15:47,129.6.15.28,N,1,111,111,1111,10,13,1.00,1.793e-03,2.497e-02,3.169e-07,2.441e-04,4.883e-04,4E495354,4B,D,K
2021-12-19,23:25:14,129.6.15.29,N,1,111,111,1111,10,13,1.00,1.187e-03,2.281e-02,3.160e-07,2.441e-04,4.883e-04,4E495354,4B,D,K
2021-12-19,23:33:02,129.6.15.28,N,1,111,111,1111,10,13,1.00,1.731e-03,2.467e-02,3.165e-07,2.441e-04,4.883e-04,4E495354,4B,D,K
2021-12-19,23:42:21,129.6.15.29,N,1,111,111,1111,10,13,1.00,-4.002e-04,2.063e-02,3.156e-07,2.441e-04,4.883e-04,4E495354,4B,D,K
2021-12-19,23:50:10,129.6.15.28,N,1,111,111,1111,10,13,0.94,1.210e-03,2.406e-02,3.186e-07,2.441e-04,4.883e-04,4E495354,4B,D,K
2021-12-19,23:59:45,129.6.15.29,N,1,111,111,1111,10,13,1.00,9.338e-04,2.482e-02,3.159e-07,2.441e-04,4.883e-04,4E495354,4B,D,K
2021-12-20,00:07:31,129.6.15.28,N,1,111,111,1111,10,13,0.91,1.908e-03,2.471e-02,3.240e-07,2.441e-04,4.883e-04,4E495354,4B,D,K
2021-12-20,00:16:58,129.6.15.29,N,1,111,111,1111,10,13,1.00,1.043e-03,2.373e-02,3.157e-07,2.441e-04,4.883e-04,4E495354,4B,D,K
2021-12-20,00:24:52,129.6.15.28,N,1,111,111,1111,10,13,0.91,1.826e-03,2.479e-02,3.202e-07,2.441e-04,4.883e-04,4E495354,4B,D,K
2021-12-20,00:34:11,129.6.15.29,N,1,111,111,1101,10,13,1.00,-5.209e-02,1.310e-01,3.232e-07,2.441e-04,4.883e-04,4E495354,4B,D,K
2021-12-20,00:42:05,129.6.15.28,N,1,111,111,1111,10,13,0.92,1.417e-03,2.340e-02,3.182e-07,2.441e-04,4.883e-04,4E495354,4B,D,K
2021-12-20,00:51:30,129.6.15.29,N,1,111,111,1111,10,13,1.00,1.682e-03,2.471e-02,3.156e-07,2.441e-04,4.883e-04,4E495354,4B,D,K
2021-12-20,00:59:27,129.6.15.28,N,1,111,111,1111,10,13,0.95,1.713e-03,2.460e-02,3.181e-07,2.441e-04,4.883e-04,4E495354,4B,D,K
2021-12-20,01:08:36,129.6.15.29,N,1,111,111,1111,10,13,1.00,-2.549e-04,2.033e-02,3.152e-07,2.441e-04,4.883e-04,4E495354,4B,D,K
2021-12-20,01:16:50,129.6.15.28,N,1,111,111,1111,10,13,0.98,1.330e-03,2.420e-02,3.175e-07,2.441e-04,4.883e-04,4E495354,4B,D,K
2021-12-20,01:25:55,129.6.15.29,N,1,111,111,1111,10,13,1.00,1.339e-03,2.312e-02,3.156e-07,2.441e-04,4.883e-04,4E495354,4B,D,K
2021-12-20,01:34:13,129.6.15.28,N,1,111,111,1101,10,13,1.00,7.460e-03,4.201e-02,3.203e-07,2.441e-04,4.883e-04,4E495354,4B,D,K
2021-12-20,01:43:03,129.6.15.29,N,1,111,111,1111,10,13,1.00,1.908e-03,2.460e-02,3.156e-07,2.441e-04,4.883e-04,4E495354,4B,D,K
2021-12-20,01:51:27,129.6.15.28,N,1,111,111,1111,10,13,1.00,1.794e-03,2.498e-02,3.177e-07,2.441e-04,4.883e-04,4E495354,4B,D,K
2021-12-20,02:00:07,129.6.15.29,N,1,111,111,1111,10,13,1.00,1.352e-03,2.334e-02,3.154e-07,2.441e-04,4.883e-04,4E495354,4B,D,K
2021-12-20,02:08:33,129.6.15.28,N,1,111,111,1111,10,13,0.94,-4.068e-04,2.097e-02,3.169e-07,2.441e-04,4.883e-04,4E495354,4B,D,K
2021-12-20,02:17:31,129.6.15.29,N,1,111,111,1111,10,13,1.00,1.188e-03,2.318e-02,3.254e-07,2.441e-04,4.883e-04,4E495354,4B,D,K
2021-12-20,02:25:51,129.6.15.28,N,1,111,111,1111,10,13,0.88,1.780e-03,2.440e-02,3.409e-07,2.441e-04,4.883e-04,4E495354,4B,D,K
2021-12-20,02:34:37,129.6.15.29,N,1,111,111,1111,10,13,1.00,1.421e-03,2.394e-02,3.233e-07,2.441e-04,4.883e-04,4E495354,4B,D,K
2021-12-20,02:42:59,129.6.15.28,N,1,111,111,1111,10,13,0.84,1.336e-03,2.594e-02,3.563e-07,2.441e-04,4.883e-04,4E495354,4B,D,K
2021-12-20,02:51:52,129.6.15.29,N,1,111,111,1111,10,13,1.00,1.123e-04,2.539e-02,3.219e-07,2.441e-04,4.883e-04,4E495354,4B,D,K
2021-12-20,03:00:14,129.6.15.28,N,1,111,111,1111,10,13,0.78,1.538e-03,2.360e-02,3.400e-07,2.441e-04,4.883e-04,4E495354,4B,D,K
2021-12-20,03:09:01,129.6.15.29,N,1,111,111,1111,10,13,1.00,1.201e-03,2.356e-02,3.221e-07,2.441e-04,4.883e-04,4E495354,4B,D,K
2021-12-20,03:17:34,129.6.15.28,N,1,111,111,1111,10,13,0.72,1.209e-03,2.428e-02,3.666e-07,2.441e-04,4.883e-04,4E495354,4B,D,K
2021-12-20,03:26:11,129.6.15.29,N,1,111,111,1111,10,13,1.00,1.767e-03,2.421e-02,3.308e-07,2.441e-04,4.883e-04,4E495354,4B,D,K
2021-12-20,03:34:47,129.6.15.28,N,1,111,111,1111,10,13,0.66,2.806e-04,2.604e-02,3.707e-07,2.441e-04,4.883e-04,4E495354,4B,D,K
2021-12-20,03:43:21,129.6.15.29,N,1,111,111,1111,10,13,1.00,2.241e-03,2.593e-02,3.268e-07,2.441e-04,4.883e-04,4E495354,4B,D,K
2021-12-20,03:51:58,129.6.15.28,N,1,111,111,1111,10,13,0.59,9.307e-04,2.455e-02,3.598e-07,2.441e-04,4.883e-04,4E495354,4B,D,K
2021-12-20,04:00:44,129.6.15.29,N,1,111,111,1111,10,13,1.00,1.700e-03,2.446e-02,3.235e-07,2.441e-04,4.883e-04,4E495354,4B,D,K
2021-12-20,04:09:15,129.6.15.28,N,1,111,111,1111,10,13,0.56,3.303e-03,2.800e-02,3.328e-07,2.441e-04,4.883e-04,4E495354,4B,D,K
2021-12-20,04:17:56,129.6.15.29,N,1,111,111,1111,10,13,1.00,1.012e-03,2.245e-02,3.209e-07,2.441e-04,4.883e-04,4E495354,4B,D,K
2021-12-20,04:26:33,129.6.15.28,N,1,111,111,1111,10,13,0.56,1.326e-03,2.410e-02,3.333e-07,2.441e-04,4.883e-04,4E495354,4B,D,K
2021-12-20,04:35:15,129.6.15.29,N,1,111,111,1111,10,13,1.00,1.380e-03,2.412e-02,3.218e-07,2.441e-04,4.883e-04,4E495354,4B,D,K
2021-12-20,04:43:38,129.6.15.28,N,1,111,111,1111,10,13,0.58,1.375e-03,2.360e-02,3.236e-07,2.441e-04,4.883e-04,4E495354,4B,D,K
2021-12-20,04:52:28,129.6.15.29,N,1,111,111,1111,10,13,1.00,2.227e-03,2.558e-02,3.190e-07,2.441e-04,4.883e-04,4E495354,4B,D,K
2021-12-20,05:01:02,129.6.15.28,N,1,111,111,1111,10,13,0.61,1.227e-03,2.380e-02,3.194e-07,2.441e-04,4.883e-04,4E495354,4B,D,K
2021-12-20,05:09:36,129.6.15.29,N,1,111,111,1111,10,13,1.00,1.465e-03,2.392e-02,3.184e-07,2.441e-04,4.883e-04,4E495354,4B,D,K
2021-12-20,05:18:19,129.6.15.28,N,1,111,111,1111,10,13,0.66,1.423e-03,2.356e-02,3.178e-07,2.441e-04,4.883e-04,4E495354,4B,D,K
2021-12-20,05:26:52,129.6.15.29,N,1,111,111,1111,10,13,1.00,9.950e-04,2.310e-02,3.173e-07,2.441e-04,4.883e-04,4E495354,4B,D,K
2021-12-20,05:35:37,129.6.15.28,N,1,111,111,1111,10,13,0.72,1.527e-03,2.457e-02,3.169e-07,2.441e-04,4.883e-04,4E495354,4B,D,K
2021-12-20,05:44:12,129.6.15.29,N,1,111,111,1111,10,13,1.00,1.247e-03,2.391e-02,3.170e-07,2.441e-04,4.883e-04,4E495354,4B,D,K
2021-12-20,05:52:59,129.6.15.28,N,1,111,111,1111,10,13,0.80,1.821e-03,2.451e-02,3.166e-07,2.441e-04,4.883e-04,4E495354,4B,D,K
2021-12-20,06:01:22,129.6.15.29,N,1,111,111,1101,10,13,1.00,-1.910e-02,6.485e-02,3.211e-07,2.441e-04,4.883e-04,4E495354,4B,D,K
2021-12-20,06:10:06,129.6.15.28,N,1,111,111,1111,10,13,0.89,1.402e-03,2.390e-02,3.163e-07,2.441e-04,4.883e-04,4E495354,4B,D,K
2021-12-20,06:18:43,129.6.15.29,N,1,111,111,1111,10,13,1.00,1.602e-03,2.409e-02,3.166e-07,2.441e-04,4.883e-04,4E495354,4B,D,K
2021-12-20,06:27:26,129.6.15.28,N,1,111,111,1111,10,13,1.00,1.230e-03,2.384e-02,3.159e-07,2.441e-04,4.883e-04,4E495354,4B,D,K
2021-12-20,06:36:01,129.6.15.29,N,1,111,111,1111,10,13,1.00,3.840e-04,2.549e-02,3.214e-07,2.441e-04,4.883e-04,4E495354,4B,D,K
2021-12-20,06:44:44,129.6.15.28,N,1,111,111,1111,10,13,0.94,9.905e-05,2.556e-02,3.159e-07,2.441e-04,4.883e-04,4E495354,4B,D,K
2021-12-20,06:53:17,129.6.15.29,N,1,111,111,1111,10,13,1.00,1.315e-03,2.327e-02,3.205e-07,2.441e-04,4.883e-04,4E495354,4B,D,K
2021-12-20,07:01:56,129.6.15.28,N,1,111,111,1111,10,13,0.91,1.790e-03,2.430e-02,3.311e-07,2.441e-04,4.883e-04,4E495354,4B,D,K
2021-12-20,07:10:40,129.6.15.29,N,1,111,111,1111,10,13,1.00,6.046e-04,2.488e-02,3.186e-07,2.441e-04,4.883e-04,4E495354,4B,D,K
2021-12-20,07:28:03,129.6.15.29,N,1,111,111,1111,10,13,1.00,1.324e-03,2.359e-02,3.180e-07,2.441e-04,4.883e-04,4E495354,4B,D,K
2021-12-20,07:36:19,129.6.15.28,N,1,111,111,1111,10,13,1.00,-4.163e-04,2.934e-02,3.273e-07,2.441e-04,4.883e-04,4E495354,4B,D,K
2021-12-20,07:45:25,129.6.15.29,N,1,111,111,1111,10,13,1.00,1.308e-03,2.343e-02,3.170e-07,2.441e-04,4.883e-04,4E495354,4B,D,K
2021-12-20,07:53:41,129.6.15.28,N,1,111,111,1111,10,13,1.00,7.014e-05,2.100e-02,3.226e-07,2.441e-04,4.883e-04,4E495354,4B,D,K
2021-12-20,08:02:41,129.6.15.29,N,1,111,111,1111,10,13,1.00,-9.759e-04,3.024e-02,3.171e-07,2.441e-04,4.883e-04,4E495354,4B,D,K
2021-12-20,08:10:54,129.6.15.28,N,1,111,111,1111,10,13,1.00,1.352e-03,2.391e-02,3.212e-07,2.441e-04,4.883e-04,4E495354,4B,D,K
2021-12-20,08:19:45,129.6.15.29,N,1,111,111,1111,10,13,1.00,9.122e-04,2.306e-02,3.166e-07,2.441e-04,4.883e-04,4E495354,4B,D,K
2021-12-20,08:27:59,129.6.15.28,N,1,111,111,1111,10,13,1.00,-1.937e-04,2.055e-02,3.199e-07,2.441e-04,4.883e-04,4E495354,4B,D,K
2021-12-20,08:37:08,129.6.15.29,N,1,111,111,1111,10,13,1.00,1.227e-03,2.399e-02,3.162e-07,2.441e-04,4.883e-04,4E495354,4B,D,K
2021-12-20,08:45:11,129.6.15.28,N,1,111,111,1111,10,13,1.00,1.838e-03,2.518e-02,3.193e-07,2.441e-04,4.883e-04,4E495354,4B,D,K
2021-12-20,08:54:14,129.6.15.29,N,1,111,111,1111,10,13,1.00,9.517e-04,2.312e-02,3.158e-07,2.441e-04,4.883e-04,4E495354,4B,D,K
2021-12-20,09:02:32,129.6.15.28,N,1,111,111,1111,10,13,1.00,1.729e-03,2.436e-02,3.197e-07,2.441e-04,4.883e-04,4E495354,4B,D,K
2021-12-20,09:11:24,129.6.15.29,N,1,111,111,1111,10,13,1.00,1.158e-03,2.412e-02,3.156e-07,2.441e-04,4.883e-04,4E495354,4B,D,K
2021-12-20,09:19:36,129.6.15.28,N,1,111,111,1111,10,13,1.00,1.534e-03,2.369e-02,3.194e-07,2.441e-04,4.883e-04,4E495354,4B,D,K
2021-12-20,09:28:33,129.6.15.29,N,1,111,111,1111,10,13,1.00,1.095e-03,2.305e-02,3.154e-07,2.441e-04,4.883e-04,4E495354,4B,D,K
2021-12-20,09:36:47,129.6.15.28,N,1,111,111,1111,10,13,1.00,2.107e-03,2.532e-02,3.192e-07,2.441e-04,4.883e-04,4E495354,4B,D,K
2021-12-20,09:45:41,129.6.15.29,N,1,111,111,1111,10,13,1.00,3.556e-05,2.376e-02,3.152e-07,2.441e-04,4.883e-04,4E495354,4B,D,K
2021-12-20,09:54:09,129.6.15.28,N,1,111,111,1111,10,13,1.00,1.109e-03,2.383e-02,3.186e-07,2.441e-04,4.883e-04,4E495354,4B,D,K
2021-12-20,10:02:53,129.6.15.29,N,1,111,111,1111,10,13,1.00,1.459e-03,2.463e-02,3.155e-07,2.441e-04,4.883e-04,4E495354,4B,D,K
2021-12-20,10:11:16,129.6.15.28,N,1,111,111,1101,10,13,1.00,4.126e-02,1.032e-01,3.318e-07,2.441e-04,4.883e-04,4E495354,4B,D,K
2021-12-20,10:20:06,129.6.15.29,N,1,111,111,1111,10,13,1.00,8.100e-04,2.392e-02,3.153e-07,2.441e-04,4.883e-04,4E495354,4B,D,K
2021-12-20,10:28:34,129.6.15.28,N,1,111,111,1111,10,13,1.00,7.074e-04,2.422e-02,3.181e-07,2.441e-04,4.883e-04,4E495354,4B,D,K
2021-12-20,10:37:17,129.6.15.29,N,1,111,111,1111,10,13,1.00,1.115e-03,2.284e-02,3.152e-07,2.441e-04,4.883e-04,4E495354,4B,D,K
2021-12-20,10:45:48,129.6.15.28,N,1,111,111,1111,10,13,1.00,2.899e-04,2.227e-02,3.172e-07,2.441e-04,4.883e-04,4E495354,4B,D,K
2021-12-20,10:54:27,129.6.15.29,N,1,111,111,1111,10,13,1.00,1.388e-03,2.355e-02,3.151e-07,2.441e-04,4.883e-04,4E495354,4B,D,K
2021-12-20,11:03:04,129.6.15.28,N,1,111,111,1111,10,13,1.00,1.875e-03,2.477e-02,3.172e-07,2.441e-04,4.883e-04,4E495354,4B,D,K
2021-12-20,11:20:18,129.6.15.28,N,1,111,111,1111,10,13,1.00,1.086e-03,2.425e-02,3.168e-07,2.441e-04,4.883e-04,4E495354,4B,D,K
2021-12-20,11:28:58,129.6.15.29,N,1,111,111,1111,10,13,1.00,1.579e-03,2.408e-02,3.150e-07,2.441e-04,4.883e-04,4E495354,4B,D,K
2021-12-20,11:37:43,129.6.15.28,N,1,111,111,1111,10,13,1.00,1.275e-03,2.419e-02,3.165e-07,2.441e-04,4.883e-04,4E495354,4B,D,K
2021-12-20,11:46:12,129.6.15.29,N,1,111,111,1111,10,13,1.00,1.219e-03,2.336e-02,3.149e-07,2.441e-04,4.883e-04,4E495354,4B,D,K
2021-12-20,11:54:57,129.6.15.28,N,1,111,111,1111,10,13,1.00,2.487e-03,2.544e-02,3.164e-07,2.441e-04,4.883e-04,4E495354,4B,D,K
2021-12-20,12:03:22,129.6.15.29,N,1,111,111,1111,10,13,0.94,-4.183e-04,2.018e-02,3.148e-07,2.441e-04,4.883e-04,4E495354,4B,D,K
2021-12-20,12:12:14,129.6.15.28,N,1,111,111,1111,10,13,1.00,1.471e-03,2.607e-02,3.163e-07,2.441e-04,4.883e-04,4E495354,4B,D,K
2021-12-20,12:20:34,129.6.15.29,N,1,111,111,1111,10,13,0.88,1.283e-03,2.329e-02,3.412e-07,2.441e-04,4.883e-04,4E495354,4B,D,K
2021-12-20,12:29:18,129.6.15.28,N,1,111,111,1111,10,13,1.00,1.725e-03,2.439e-02,3.160e-07,2.441e-04,4.883e-04,4E495354,4B,D,K
2021-12-20,12:37:51,129.6.15.29,N,1,111,111,1111,10,13,0.84,1.557e-03,2.403e-02,3.517e-07,2.441e-04,4.883e-04,4E495354,4B,D,K
2021-12-20,12:46:31,129.6.15.28,N,1,111,111,1111,10,13,1.00,1.816e-03,2.474e-02,3.158e-07,2.441e-04,4.883e-04,4E495354,4B,D,K
2021-12-20,12:54:56,129.6.15.29,N,1,111,111,1111,10,13,0.84,1.084e-03,2.351e-02,3.435e-07,2.441e-04,4.883e-04,4E495354,4B,D,K
2021-12-20,13:03:39,129.6.15.28,N,1,111,111,1111,10,13,1.00,1.353e-03,2.379e-02,3.156e-07,2.441e-04,4.883e-04,4E495354,4B,D,K
2021-12-20,13:12:09,129.6.15.29,N,1,111,111,1111,10,13,0.78,1.480e-03,2.355e-02,3.363e-07,2.441e-04,4.883e-04,4E495354,4B,D,K
2021-12-20,13:20:51,129.6.15.28,N,1,111,111,1111,10,13,1.00,1.210e-03,2.362e-02,3.154e-07,2.441e-04,4.883e-04,4E495354,4B,D,K
2021-12-20,13:29:33,129.6.15.29,N,1,111,111,1111,10,13,0.75,2.091e-03,2.462e-02,3.629e-07,2.441e-04,4.883e-04,4E495354,4B,D,K
2021-12-20,13:37:58,129.6.15.28,N,1,111,111,1111,10,13,1.00,1.144e-03,2.421e-02,3.153e-07,2.441e-04,4.883e-04,4E495354,4B,D,K
2021-12-20,13:46:45,129.6.15.29,N,1,111,111,1111,10,13,0.75,4.836e-04,2.588e-02,3.445e-07,2.441e-04,4.883e-04,4E495354,4B,D,K
2021-12-20,13:55:17,129.6.15.28,N,1,111,111,1101,10,13,1.00,1.781e-02,6.278e-02,3.174e-07,2.441e-04,4.883e-04,4E495354,4B,D,K
2021-12-20,14:03:51,129.6.15.29,N,1,111,111,1111,10,13,0.72,-1.722e-04,2.076e-02,3.315e-07,2.441e-04,4.883e-04,4E495354,4B,D,K
2021-12-20,14:20:55,129.6.15.29,N,1,111,111,1101,10,13,0.74,-1.726e-02,5.959e-02,3.497e-07,2.441e-04,4.883e-04,4E495354,4B,D,K
2021-12-20,14:29:36,129.6.15.28,N,1,111,111,1111,10,13,1.00,1.281e-03,2.375e-02,3.152e-07,2.441e-04,4.883e-04,4E495354,4B,D,K
2021-12-20,14:38:17,129.6.15.29,N,1,111,111,1111,10,13,0.74,1.102e-04,2.518e-02,3.290e-07,2.441e-04,4.883e-04,4E495354,4B,D,K
2021-12-20,14:55:26,129.6.15.29,N,1,111,111,1111,10,13,0.75,1.005e-03,2.377e-02,3.265e-07,2.441e-04,4.883e-04,4E495354,4B,D,K
2021-12-20,15:04:07,129.6.15.28,N,1,111,111,1111,10,13,0.94,1.618e-03,2.480e-02,3.155e-07,2.441e-04,4.883e-04,4E495354,4B,D,K
2021-12-20,15:12:47,129.6.15.29,N,1,111,111,1111,10,13,0.79,4.704e-03,3.039e-02,3.320e-07,2.441e-04,4.883e-04,4E495354,4B,D,K
2021-12-20,15:21:24,129.6.15.28,N,1,111,111,1111,10,13,0.88,1.139e-03,2.472e-02,3.326e-07,2.441e-04,4.883e-04,4E495354,4B,D,K
2021-12-20,15:30:10,129.6.15.29,N,1,111,111,1111,10,13,0.79,1.484e-03,2.695e-02,3.330e-07,2.441e-04,4.883e-04,4E495354,4B,D,K
2021-12-20,15:38:41,129.6.15.28,N,1,111,111,1111,10,13,0.84,1.360e-03,2.350e-02,3.242e-07,2.441e-04,4.883e-04,4E495354,4B,D,K
2021-12-20,15:47:18,129.6.15.29,N,1,111,111,1111,10,13,0.80,1.038e-03,2.412e-02,3.329e-07,2.441e-04,4.883e-04,4E495354,4B,D,K
2021-12-20,15:55:54,129.6.15.28,N,1,111,111,1111,10,13,0.78,1.844e-03,2.445e-02,3.180e-07,2.441e-04,4.883e-04,4E495354,4B,D,K
2021-12-20,16:04:39,129.6.15.29,N,1,111,111,1111,10,13,0.83,-1.275e-04,2.458e-02,3.273e-07,2.441e-04,4.883e-04,4E495354,4B,D,K
2021-12-20,16:13:08,129.6.15.28,N,1,111,111,1111,10,13,0.75,1.250e-03,2.543e-02,3.204e-07,2.441e-04,4.883e-04,4E495354,4B,D,K
2021-12-20,16:21:46,129.6.15.29,N,1,111,111,1111,10,13,0.86,9.201e-04,2.300e-02,3.233e-07,2.441e-04,4.883e-04,4E495354,4B,D,K
2021-12-20,16:30:16,129.6.15.28,N,1,111,111,1101,10,13,0.77,-3.892e-02,9.940e-02,3.329e-07,2.441e-04,4.883e-04,4E495354,4B,D,K
2021-12-20,16:38:55,129.6.15.29,N,1,111,111,1101,10,13,0.88,-4.178e-02,1.100e-01,3.595e-07,2.441e-04,4.883e-04,4E495354,4B,D,K
2021-12-20,16:47:25,129.6.15.28,N,1,111,111,1111,10,13,0.71,1.409e-03,2.410e-02,3.185e-07,2.441e-04,4.883e-04,4E495354,4B,D,K
2021-12-20,16:56:10,129.6.15.29,N,1,111,111,1111,10,13,0.90,1.139e-03,2.375e-02,3.237e-07,2.441e-04,4.883e-04,4E495354,4B,D,K
2021-12-20,17:04:48,129.6.15.28,N,1,111,111,1111,10,13,0.68,1.573e-03,2.504e-02,3.264e-07,2.441e-04,4.883e-04,4E495354,4B,D,K
2021-12-20,17:13:27,129.6.15.29,N,1,111,111,1111,10,13,0.90,1.414e-03,2.364e-02,3.232e-07,2.441e-04,4.883e-04,4E495354,4B,D,K
2021-12-20,17:22:11,129.6.15.28,N,1,111,111,1111,10,13,0.68,2.087e-04,2.227e-02,3.213e-07,2.441e-04,4.883e-04,4E495354,4B,D,K
2021-12-20,17:30:42,129.6.15.29,N,1,111,111,1111,10,13,0.92,-3.173e-04,2.036e-02,3.275e-07,2.441e-04,4.883e-04,4E495354,4B,D,K
2021-12-20,17:39:26,129.6.15.28,N,1,111,111,1111,10,13,0.69,1.400e-03,2.413e-02,3.210e-07,2.441e-04,4.883e-04,4E495354,4B,D,K
2021-12-20,17:47:53,129.6.15.29,N,1,111,111,1111,10,13,0.95,1.388e-03,2.358e-02,3.237e-07,2.441e-04,4.883e-04,4E495354,4B,D,K
2021-12-20,17:56:49,129.6.15.28,N,1,111,111,1111,10,13,0.72,1.297e-03,2.387e-02,3.211e-07,2.441e-04,4.883e-04,4E495354,4B,D,K
2021-12-20,18:05:15,129.6.15.29,N,1,111,111,1101,10,13,0.97,-5.538e-03,3.923e-02,3.280e-07,2.441e-04,4.883e-04,4E495354,4B,D,K
2021-12-20,18:14:14,129.6.15.28,N,1,111,111,1111,10,13,0.77,1.790e-03,2.554e-02,3.208e-07,2.441e-04,4.883e-04,4E495354,4B,D,K
2021-12-20,18:22:30,129.6.15.29,N,1,111,111,1111,10,13,0.90,1.417e-03,2.351e-02,3.224e-07,2.441e-04,4.883e-04,4E495354,4B,D,K
2021-12-20,18:31:26,129.6.15.28,N,1,111,111,1111,10,13,0.83,1.259e-03,2.423e-02,3.201e-07,2.441e-04,4.883e-04,4E495354,4B,D,K
2021-12-20,18:39:50,129.6.15.29,N,1,111,111,1111,10,13,0.87,7.013e-04,2.398e-02,3.322e-07,2.441e-04,4.883e-04,4E495354,4B,D,K
2021-12-20,18:48:50,129.6.15.28,N,1,111,111,1111,10,13,0.77,7.454e-04,2.677e-02,3.197e-07,2.441e-04,4.883e-04,4E495354,4B,D,K
2021-12-20,18:57:03,129.6.15.29,N,1,111,111,1101,10,13,0.89,-4.869e-03,4.260e-02,3.280e-07,2.441e-04,4.883e-04,4E495354,4B,D,K
2021-12-20,19:06:11,129.6.15.28,N,1,111,111,1111,10,13,0.71,1.202e-03,2.348e-02,3.409e-07,2.441e-04,4.883e-04,4E495354,4B,D,K
2021-12-20,19:14:27,129.6.15.29,N,1,111,111,1111,10,13,0.89,1.573e-03,2.349e-02,3.216e-07,2.441e-04,4.883e-04,4E495354,4B,D,K
2021-12-20,19:23:16,129.6.15.28,N,1,111,111,1101,10,13,0.73,5.703e-03,3.246e-02,3.292e-07,2.441e-04,4.883e-04,4E495354,4B,D,K
2021-12-20,19:31:45,129.6.15.29,N,1,111,111,1111,10,13,0.91,1.512e-03,2.415e-02,3.196e-07,2.441e-04,4.883e-04,4E495354,4B,D,K
2021-12-20,19:40:25,129.6.15.28,N,1,111,111,1111,10,13,0.70,4.169e-04,2.586e-02,3.261e-07,2.441e-04,4.883e-04,4E495354,4B,D,K
2021-12-20,19:48:59,129.6.15.29,N,1,111,111,1111,10,13,0.94,1.471e-03,2.376e-02,3.179e-07,2.441e-04,4.883e-04,4E495354,4B,D,K
2021-12-20,19:57:40,129.6.15.28,N,1,111,111,1111,10,13,0.70,8.165e-04,2.493e-02,3.199e-07,2.441e-04,4.883e-04,4E495354,4B,D,K
2021-12-20,20:06:04,129.6.15.29,N,1,111,111,1111,10,13,0.99,1.327e-03,2.395e-02,3.169e-07,2.441e-04,4.883e-04,4E495354,4B,D,K
2021-12-20,20:14:46,129.6.15.28,N,1,111,111,1111,10,13,0.71,1.633e-03,2.472e-02,3.183e-07,2.441e-04,4.883e-04,4E495354,4B,D,K
2021-12-20,20:23:21,129.6.15.29,N,1,111,111,1111,10,13,1.00,-3.974e-04,2.090e-02,3.160e-07,2.441e-04,4.883e-04,4E495354,4B,D,K
2021-12-20,20:32:02,129.6.15.28,N,1,111,111,1111,10,13,0.74,1.400e-03,2.443e-02,3.186e-07,2.441e-04,4.883e-04,4E495354,4B,D,K
2021-12-20,20:40:36,129.6.15.29,N,1,111,111,1111,10,13,1.00,1.002e-03,2.305e-02,3.156e-07,2.441e-04,4.883e-04,4E495354,4B,D,K
2021-12-20,20:49:19,129.6.15.28,N,1,111,111,1111,10,13,0.74,1.319e-03,2.359e-02,3.175e-07,2.441e-04,4.883e-04,4E495354,4B,D,K
2021-12-20,20:57:41,129.6.15.29,N,1,111,111,1111,10,13,1.00,2.353e-03,2.581e-02,3.156e-07,2.441e-04,4.883e-04,4E495354,4B,D,K
2021-12-20,21:06:31,129.6.15.28,N,1,111,111,1111,10,13,0.76,1.754e-03,2.462e-02,3.186e-07,2.441e-04,4.883e-04,4E495354,4B,D,K
2021-12-20,21:14:54,129.6.15.29,N,1,111,111,1111,10,13,1.00,1.504e-03,2.383e-02,3.153e-07,2.441e-04,4.883e-04,4E495354,4B,D,K
2021-12-20,21:23:52,129.6.15.28,N,1,111,111,1111,10,13,0.79,1.461e-03,2.411e-02,3.179e-07,2.441e-04,4.883e-04,4E495354,4B,D,K
2021-12-20,21:32:09,129.6.15.29,N,1,111,111,1111,10,13,1.00,1.472e-03,2.339e-02,3.151e-07,2.441e-04,4.883e-04,4E495354,4B,D,K
2021-12-20,21:41:12,129.6.15.28,N,1,111,111,1111,10,13,0.84,1.861e-03,2.447e-02,3.169e-07,2.441e-04,4.883e-04,4E495354,4B,D,K
2021-12-20,21:49:25,129.6.15.29,N,1,111,111,1111,10,13,1.00,1.645e-03,2.412e-02,3.150e-07,2.441e-04,4.883e-04,4E495354,4B,D,K
2021-12-20,21:58:35,129.6.15.28,N,1,111,111,1111,10,13,0.90,2.280e-03,2.553e-02,3.165e-07,2.441e-04,4.883e-04,4E495354,4B,D,K
2021-12-20,22:06:45,129.6.15.29,N,1,111,111,1111,10,13,0.94,-1.507e-03,2.220e-02,3.148e-07,2.441e-04,4.883e-04,4E495354,4B,D,K
2021-12-20,22:15:55,129.6.15.28,N,1,111,111,1111,10,13,0.98,1.723e-03,2.427e-02,3.161e-07,2.441e-04,4.883e-04,4E495354,4B,D,K
2021-12-20,22:24:01,129.6.15.29,N,1,111,111,1111,10,13,0.88,1.747e-03,2.432e-02,3.553e-07,2.441e-04,4.883e-04,4E495354,4B,D,K
2021-12-20,22:33:05,129.6.15.28,N,1,111,111,1101,10,13,1.00,4.601e-03,3.043e-02,3.163e-07,2.441e-04,4.883e-04,4E495354,4B,D,K
2021-12-20,22:41:22,129.6.15.29,N,1,111,111,1111,10,13,0.81,1.998e-04,2.440e-02,3.769e-07,2.441e-04,4.883e-04,4E495354,4B,D,K
2021-12-20,22:58:28,129.6.15.29,N,1,111,111,1111,10,13,0.78,8.108e-04,2.248e-02,3.677e-07,2.441e-04,4.883e-04,4E495354,4B,D,K
2021-12-20,23:07:35,129.6.15.28,N,1,111,111,1111,10,13,0.94,1.277e-03,2.423e-02,3.158e-07,2.441e-04,4.883e-04,4E495354,4B,D,K
2021-12-20,23:15:39,129.6.15.29,N,1,111,111,1111,10,13,0.78,5.881e-03,3.308e-02,3.632e-07,2.441e-04,4.883e-04,4E495354,4B,D,K
2021-12-20,23:24:49,129.6.15.28,N,1,111,111,1111,10,13,0.88,1.601e-03,2.442e-02,3.264e-07,2.441e-04,4.883e-04,4E495354,4B,D,K
2021-12-20,23:32:45,129.6.15.29,N,1,111,111,1111,10,13,0.80,7.709e-04,2.330e-02,3.407e-07,2.441e-04,4.883e-04,4E495354,4B,D,K
2021-12-20,23:42:05,129.6.15.28,N,1,111,111,1111,10,13,0.81,1.048e-05,2.148e-02,3.218e-07,2.441e-04,4.883e-04,4E495354,4B,D,K
2021-12-20,23:50:08,129.6.15.29,N,1,111,111,1111,10,13,0.83,1.820e-03,2.399e-02,3.322e-07,2.441e-04,4.883e-04,4E495354,4B,D,K
2021-12-20,23:59:21,129.6.15.28,N,1,111,111,1111,10,13,0.75,5.207e-04,2.666e-02,3.344e-07,2.441e-04,4.883e-04,4E495354,4B,D,K
2021-12-21,00:07:28,129.6.15.29,N,1,111,111,1111,10,13,0.88,8.626e-04,2.374e-02,3.276e-07,2.441e-04,4.883e-04,4E495354,4B,D,K
2021-12-21,00:16:40,129.6.15.28,N,1,111,111,1111,10,13,0.72,1.224e-03,2.461e-02,3.346e-07,2.441e-04,4.883e-04,4E495354,4B,D,K
2021-12-21,00:24:39,129.6.15.29,N,1,111,111,1111,10,13,0.94,1.201e-03,2.351e-02,3.245e-07,2.441e-04,4.883e-04,4E495354,4B,D,K
2021-12-21,00:34:03,129.6.15.28,N,1,111,111,1111,10,13,0.72,-5.178e-04,2.775e-02,3.329e-07,2.441e-04,4.883e-04,4E495354,4B,D,K
2021-12-21,00:41:43,129.6.15.29,N,1,111,111,1111,10,13,0.95,1.234e-03,2.340e-02,3.222e-07,2.441e-04,4.883e-04,4E495354,4B,D,K
2021-12-21,00:51:18,129.6.15.28,N,1,111,111,1111,10,13,0.73,2.262e-03,2.586e-02,3.273e-07,2.441e-04,4.883e-04,4E495354,4B,D,K
2021-12-21,00:58:49,129.6.15.29,N,1,111,111,1111,10,13,0.98,1.653e-03,2.442e-02,3.223e-07,2.441e-04,4.883e-04,4E495354,4B,D,K
2021-12-21,01:08:25,129.6.15.28,N,1,111,111,1111,10,13,0.77,1.173e-03,2.413e-02,3.270e-07,2.441e-04,4.883e-04,4E495354,4B,D,K
2021-12-21,01:15:55,129.6.15.29,N,1,111,111,1111,10,13,1.00,1.384e-03,2.385e-02,3.202e-07,2.441e-04,4.883e-04,4E495354,4B,D,K
2021-12-21,01:25:39,129.6.15.28,N,1,111,111,1111,10,13,0.78,1.842e-03,2.497e-02,3.241e-07,2.441e-04,4.883e-04,4E495354,4B,D,K
2021-12-21,01:33:00,129.6.15.29,N,1,111,111,1111,10,13,1.00,-6.127e-04,2.016e-02,3.180e-07,2.441e-04,4.883e-04,4E495354,4B,D,K
2021-12-21,01:43:02,129.6.15.28,N,1,111,111,1111,10,13,0.81,1.599e-03,2.844e-02,3.301e-07,2.441e-04,4.883e-04,4E495354,4B,D,K
2021-12-21,01:50:16,129.6.15.29,N,1,111,111,1111,10,13,1.00,2.584e-03,2.614e-02,3.180e-07,2.441e-04,4.883e-04,4E495354,4B,D,K
2021-12-21,02:00:23,129.6.15.28,N,1,111,111,1111,10,13,0.86,1.419e-03,2.383e-02,3.247e-07,2.441e-04,4.883e-04,4E495354,4B,D,K
2021-12-21,02:07:26,129.6.15.29,N,1,111,111,1111,10,13,1.00,-3.682e-04,2.027e-02,3.167e-07,2.441e-04,4.883e-04,4E495354,4B,D,K
2021-12-21,02:17:40,129.6.15.28,N,1,111,111,1101,10,13,0.88,1.414e-02,5.580e-02,3.322e-07,2.441e-04,4.883e-04,4E495354,4B,D,K
2021-12-21,02:24:43,129.6.15.29,N,1,111,111,1111,10,13,1.00,1.203e-03,2.298e-02,3.163e-07,2.441e-04,4.883e-04,4E495354,4B,D,K
2021-12-21,02:34:48,129.6.15.28,N,1,111,111,1111,10,13,0.90,1.823e-03,2.494e-02,3.221e-07,2.441e-04,4.883e-04,4E495354,4B,D,K
2021-12-21,02:41:51,129.6.15.29,N,1,111,111,1111,10,13,1.00,9.762e-04,2.363e-02,3.161e-07,2.441e-04,4.883e-04,4E495354,4B,D,K
2021-12-21,02:51:55,129.6.15.28,N,1,111,111,1111,10,13,0.93,6.415e-04,2.698e-02,3.256e-07,2.441e-04,4.883e-04,4E495354,4B,D,K
2021-12-21,02:59:08,129.6.15.29,N,1,111,111,1111,10,13,0.94,1.499e-03,2.504e-02,3.192e-07,2.441e-04,4.883e-04,4E495354,4B,D,K
2021-12-21,03:09:06,129.6.15.28,N,1,111,111,1111,10,13,0.86,-1.830e-04,2.090e-02,3.215e-07,2.441e-04,4.883e-04,4E495354,4B,D,K
2021-12-21,03:16:22,129.6.15.29,N,1,111,111,1111,10,13,0.88,-6.652e-04,2.022e-02,3.334e-07,2.441e-04,4.883e-04,4E495354,4B,D,K
2021-12-21,03:26:18,129.6.15.28,N,1,111,111,1111,10,13,0.80,2.044e-03,2.551e-02,3.421e-07,2.441e-04,4.883e-04,4E495354,4B,D,K
2021-12-21,03:33:45,129.6.15.29,N,1,111,111,1111,10,13,0.81,1.139e-03,2.274e-02,3.240e-07,2.441e-04,4.883e-04,4E495354,4B,D,K
2021-12-21,03:43:23,129.6.15.28,N,1,111,111,1111,10,13,0.74,1.765e-03,2.458e-02,3.583e-07,2.441e-04,4.883e-04,4E495354,4B,D,K
2021-12-21,03:50:58,129.6.15.29,N,1,111,111,1111,10,13,0.75,1.515e-03,2.405e-02,3.263e-07,2.441e-04,4.883e-04,4E495354,4B,D,K
2021-12-21,04:00:32,129.6.15.28,N,1,111,111,1111,10,13,0.68,1.683e-03,2.454e-02,3.632e-07,2.441e-04,4.883e-04,4E495354,4B,D,K
2021-12-21,04:08:08,129.6.15.29,N,1,111,111,1111,10,13,0.69,1.278e-03,2.360e-02,3.324e-07,2.441e-04,4.883e-04,4E495354,4B,D,K
2021-12-21,04:17:44,129.6.15.28,N,1,111,111,1111,10,13,0.65,1.373e-03,2.427e-02,3.749e-07,2.441e-04,4.883e-04,4E495354,4B,D,K
2021-12-21,04:25:18,129.6.15.29,N,1,111,111,1111,10,13,0.66,-1.968e-04,2.064e-02,3.254e-07,2.441e-04,4.883e-04,4E495354,4B,D,K
2021-12-21,04:35:05,129.6.15.28,N,1,111,111,1101,10,13,0.67,-3.610e-02,1.009e-01,4.534e-07,2.441e-04,4.883e-04,4E495354,4B,D,K
2021-12-21,04:42:25,129.6.15.29,N,1,111,111,1111,10,13,0.59,1.043e-03,2.315e-02,3.203e-07,2.441e-04,4.883e-04,4E495354,4B,D,K
2021-12-21,04:52:22,129.6.15.28,N,1,111,111,1111,10,13,0.67,1.895e-03,2.441e-02,3.476e-07,2.441e-04,4.883e-04,4E495354,4B,D,K
2021-12-21,04:59:38,129.6.15.29,N,1,111,111,1111,10,13,0.56,1.438e-03,2.370e-02,3.243e-07,2.441e-04,4.883e-04,4E495354,4B,D,K
2021-12-21,05:17:02,129.6.15.29,N,1,111,111,1111,10,13,0.53,1.895e-03,2.445e-02,3.199e-07,2.441e-04,4.883e-04,4E495354,4B,D,K
2021-12-21,05:26:43,129.6.15.28,N,1,111,111,1111,10,13,0.85,-3.730e-03,3.468e-02,3.419e-07,2.441e-04,4.883e-04,4E495354,4B,D,K
2021-12-21,05:34:25,129.6.15.29,N,1,111,111,1111,10,13,0.47,-6.718e-04,2.013e-02,3.155e-07,2.441e-04,4.883e-04,4E495354,4B,D,K
2021-12-21,05:44:01,129.6.15.28,N,1,111,111,1111,10,13,0.82,2.192e-03,2.532e-02,3.692e-07,2.441e-04,4.883e-04,4E495354,4B,D,K
2021-12-21,05:51:45,129.6.15.29,N,1,111,111,1101,10,13,0.49,2.370e-03,2.634e-02,3.220e-07,2.441e-04,4.883e-04,4E495354,4B,D,K
2021-12-21,06:01:22,129.6.15.28,N,1,111,111,1111,10,13,0.82,1.631e-03,2.502e-02,3.241e-07,2.441e-04,4.883e-04,4E495354,4B,D,K
2021-12-21,06:08:50,129.6.15.29,N,1,111,111,1111,10,13,0.43,-1.093e-04,2.541e-02,3.217e-07,2.441e-04,4.883e-04,4E495354,4B,D,K
2021-12-21,06:18:37,129.6.15.28,N,1,111,111,1111,10,13,0.76,6.396e-04,2.471e-02,3.211e-07,2.441e-04,4.883e-04,4E495354,4B,D,K
2021-12-21,06:26:10,129.6.15.29,N,1,111,111,1111,10,13,0.36,1.394e-03,2.394e-02,3.401e-07,2.441e-04,4.883e-04,4E495354,4B,D,K
2021-12-21,06:35:42,129.6.15.28,N,1,111,111,1111,10,13,0.73,2.217e-03,2.534e-02,3.337e-07,2.441e-04,4.883e-04,4E495354,4B,D,K
2021-12-21,06:43:20,129.6.15.29,N,1,111,111,1111,10,13,0.30,9.742e-04,2.358e-02,3.441e-07,2.441e-04,4.883e-04,4E495354,4B,D,K
2021-12-21,06:53:04,129.6.15.28,N,1,111,111,1111,10,13,0.73,-5.747e-05,2.154e-02,3.265e-07,2.441e-04,4.883e-04,4E495354,4B,D,K
2021-12-21,07:00:42,129.6.15.29,N,1,111,111,1111,10,13,0.27,4.381e-04,2.579e-02,3.466e-07,2.441e-04,4.883e-04,4E495354,4B,D,K
2021-12-21,07:17:47,129.6.15.29,N,1,111,111,1111,10,13,0.27,1.713e-03,2.409e-02,3.337e-07,2.441e-04,4.883e-04,4E495354,4B,D,K
2021-12-21,07:27:22,129.6.15.28,N,1,111,111,1111,10,13,0.99,2.736e-03,2.655e-02,3.350e-07,2.441e-04,4.883e-04,4E495354,4B,D,K
2021-12-21,07:34:58,129.6.15.29,N,1,111,111,1111,10,13,0.29,2.071e-03,2.701e-02,3.305e-07,2.441e-04,4.883e-04,4E495354,4B,D,K
2021-12-21,07:44:39,129.6.15.28,N,1,111,111,1111,10,13,1.00,8.075e-05,2.134e-02,3.287e-07,2.441e-04,4.883e-04,4E495354,4B,D,K
2021-12-21,07:52:19,129.6.15.29,N,1,111,111,1111,10,13,0.32,1.953e-03,2.534e-02,3.256e-07,2.441e-04,4.883e-04,4E495354,4B,D,K
2021-12-21,08:01:50,129.6.15.28,N,1,111,111,1111,10,13,1.00,1.750e-03,2.523e-02,3.262e-07,2.441e-04,4.883e-04,4E495354,4B,D,K
2021-12-21,08:09:29,129.6.15.29,N,1,111,111,1111,10,13,0.36,1.393e-03,2.400e-02,3.224e-07,2.441e-04,4.883e-04,4E495354,4B,D,K
2021-12-21,08:19:06,129.6.15.28,N,1,111,111,1111,10,13,1.00,1.811e-04,2.643e-02,3.252e-07,2.441e-04,4.883e-04,4E495354,4B,D,K
2021-12-21,08:26:41,129.6.15.29,N,1,111,111,1111,10,13,0.43,1.338e-03,2.388e-02,3.203e-07,2.441e-04,4.883e-04,4E495354,4B,D,K
2021-12-21,08:36:12,129.6.15.28,N,1,111,111,1111,10,13,1.00,1.682e-03,2.436e-02,3.229e-07,2.441e-04,4.883e-04,4E495354,4B,D,K
2021-12-21,08:44:02,129.6.15.29,N,1,111,111,1111,10,13,0.47,4.129e-04,2.562e-02,3.193e-07,2.441e-04,4.883e-04,4E495354,4B,D,K
2021-12-21,08:53:36,129.6.15.28,N,1,111,111,1111,10,13,1.00,1.860e-03,2.465e-02,3.217e-07,2.441e-04,4.883e-04,4E495354,4B,D,K
2021-12-21,09:01:24,129.6.15.29,N,1,111,111,1111,10,13,0.54,1.538e-03,2.418e-02,3.207e-07,2.441e-04,4.883e-04,4E495354,4B,D,K
2021-12-21,09:10:54,129.6.15.28,N,1,111,111,1111,10,13,1.00,1.513e-03,2.376e-02,3.204e-07,2.441e-04,4.883e-04,4E495354,4B,D,K
2021-12-21,09:18:39,129.6.15.29,N,1,111,111,1111,10,13,0.61,1.272e-03,2.432e-02,3.194e-07,2.441e-04,4.883e-04,4E495354,4B,D,K
2021-12-21,09:35:59,129.6.15.29,N,1,111,111,1111,10,13,0.71,2.210e-03,2.569e-02,3.188e-07,2.441e-04,4.883e-04,4E495354,4B,D,K
2021-12-21,09:45:18,129.6.15.28,N,1,111,111,1111,10,13,1.00,-7.017e-03,4.091e-02,3.234e-07,2.441e-04,4.883e-04,4E495354,4B,D,K
2021-12-21,09:53:06,129.6.15.29,N,1,111,111,1101,10,13,0.73,4.463e-02,1.106e-01,3.322e-07,2.441e-04,4.883e-04,4E495354,4B,D,K
2021-12-21,10:02:35,129.6.15.28,N,1,111,111,1101,10,13,1.00,-1.176e-02,4.965e-02,3.271e-07,2.441e-04,4.883e-04,4E495354,4B,D,K
2021-12-21,10:10:19,129.6.15.29,N,1,111,111,1111,10,13,0.84,9.924e-06,2.509e-02,3.180e-07,2.441e-04,4.883e-04,4E495354,4B,D,K
2021-12-21,10:19:53,129.6.15.28,N,1,111,111,1111,10,13,1.00,3.866e-04,2.534e-02,3.206e-07,2.441e-04,4.883e-04,4E495354,4B,D,K
2021-12-21,10:27:43,129.6.15.29,N,1,111,111,1111,10,13,0.87,8.172e-04,2.326e-02,3.181e-07,2.441e-04,4.883e-04,4E495354,4B,D,K
2021-12-21,10:37:11,129.6.15.28,N,1,111,111,1111,10,13,1.00,1.275e-03,2.396e-02,3.195e-07,2.441e-04,4.883e-04,4E495354,4B,D,K
2021-12-21,10:44:48,129.6.15.29,N,1,111,111,1111,10,13,0.88,3.061e-04,2.447e-02,3.225e-07,2.441e-04,4.883e-04,4E495354,4B,D,K
2021-12-21,10:54:28,129.6.15.28,N,1,111,111,1111,10,13,1.00,1.362e-03,2.367e-02,3.185e-07,2.441e-04,4.883e-04,4E495354,4B,D,K
2021-12-21,11:01:57,129.6.15.29,N,1,111,111,1111,10,13,0.92,1.378e-03,2.356e-02,3.217e-07,2.441e-04,4.883e-04,4E495354,4B,D,K
2021-12-21,11:11:40,129.6.15.28,N,1,111,111,1111,10,13,1.00,2.631e-03,2.649e-02,3.182e-07,2.441e-04,4.883e-04,4E495354,4B,D,K
2021-12-21,11:19:03,129.6.15.29,N,1,111,111,1111,10,13,0.96,1.392e-03,2.356e-02,3.197e-07,2.441e-04,4.883e-04,4E495354,4B,D,K
2021-12-21,11:28:54,129.6.15.28,N,1,111,111,1111,10,13,1.00,1.911e-03,2.476e-02,3.176e-07,2.441e-04,4.883e-04,4E495354,4B,D,K
2021-12-21,11:36:17,129.6.15.29,N,1,111,111,1111,10,13,1.00,1.300e-03,2.379e-02,3.185e-07,2.441e-04,4.883e-04,4E495354,4B,D,K
2021-12-21,11:46:00,129.6.15.28,N,1,111,111,1111,10,13,1.00,-2.843e-04,2.099e-02,3.167e-07,2.441e-04,4.883e-04,4E495354,4B,D,K
2021-12-21,11:53:33,129.6.15.29,N,1,111,111,1111,10,13,1.00,1.361e-03,2.418e-02,3.177e-07,2.441e-04,4.883e-04,4E495354,4B,D,K
2021-12-21,12:10:52,129.6.15.29,N,1,111,111,1111,10,13,1.00,1.569e-03,2.428e-02,3.173e-07,2.441e-04,4.883e-04,4E495354,4B,D,K
2021-12-21,12:20:24,129.6.15.28,N,1,111,111,1111,10,13,1.00,1.519e-03,2.396e-02,3.170e-07,2.441e-04,4.883e-04,4E495354,4B,D,K
2021-12-21,12:28:12,129.6.15.29,N,1,111,111,1111,10,13,1.00,1.673e-03,2.505e-02,3.169e-07,2.441e-04,4.883e-04,4E495354,4B,D,K
2021-12-21,12:37:39,129.6.15.28,N,1,111,111,1111,10,13,1.00,1.480e-03,2.379e-02,3.167e-07,2.441e-04,4.883e-04,4E495354,4B,D,K
2021-12-21,12:45:26,129.6.15.29,N,1,111,111,1111,10,13,1.00,-1.575e-04,2.085e-02,3.162e-07,2.441e-04,4.883e-04,4E495354,4B,D,K
2021-12-21,12:54:46,129.6.15.28,N,1,111,111,1111,10,13,1.00,1.472e-03,2.419e-02,3.165e-07,2.441e-04,4.883e-04,4E495354,4B,D,K
2021-12-21,13:02:39,129.6.15.29,N,1,111,111,1111,10,13,1.00,1.026e-03,2.382e-02,3.163e-07,2.441e-04,4.883e-04,4E495354,4B,D,K
2021-12-21,13:12:03,129.6.15.28,N,1,111,111,1111,10,13,1.00,2.851e-03,2.667e-02,3.166e-07,2.441e-04,4.883e-04,4E495354,4B,D,K
2021-12-21,13:19:54,129.6.15.29,N,1,111,111,1111,10,13,1.00,1.459e-03,2.416e-02,3.162e-07,2.441e-04,4.883e-04,4E495354,4B,D,K
2021-12-21,13:29:08,129.6.15.28,N,1,111,111,1111,10,13,1.00,1.298e-03,2.354e-02,3.162e-07,2.441e-04,4.883e-04,4E495354,4B,D,K
2021-12-21,13:37:12,129.6.15.29,N,1,111,111,1111,10,13,1.00,1.436e-03,2.317e-02,3.168e-07,2.441e-04,4.883e-04,4E495354,4B,D,K
2021-12-21,13:46:24,129.6.15.28,N,1,111,111,1111,10,13,1.00,1.293e-03,2.360e-02,3.161e-07,2.441e-04,4.883e-04,4E495354,4B,D,K
2021-12-21,13:54:33,129.6.15.29,N,1,111,111,1111,10,13,1.00,1.280e-03,2.358e-02,3.171e-07,2.441e-04,4.883e-04,4E495354,4B,D,K
2021-12-21,14:03:41,129.6.15.28,N,1,111,111,1111,10,13,1.00,-1.598e-03,2.279e-02,3.159e-07,2.441e-04,4.883e-04,4E495354,4B,D,K
2021-12-21,14:11:56,129.6.15.29,N,1,111,111,1111,10,13,0.94,1.020e-03,2.293e-02,3.171e-07,2.441e-04,4.883e-04,4E495354,4B,D,K
2021-12-21,14:21:04,129.6.15.28,N,1,111,111,1111,10,13,1.00,3.551e-03,2.854e-02,3.162e-07,2.441e-04,4.883e-04,4E495354,4B,D,K
2021-12-21,14:29:11,129.6.15.29,N,1,111,111,1111,10,13,0.88,-1.922e-04,2.067e-02,3.178e-07,2.441e-04,4.883e-04,4E495354,4B,D,K
2021-12-21,14:31:20,129.6.15.28,N,1,111,111,1111,6,13,0.00,1.065e-04,2.589e-02,5.210e-05,2.441e-04,4.883e-04,4E495354,4B,D,K
2021-12-21,14:31:20,129.6.15.29,N,1,111,111,1111,6,13,0.00,9.445e-04,2.366e-02,4.763e-05,2.441e-04,4.883e-04,4E495354,4B,D,K
2021-12-21,14:32:54,129.6.15.28,N,1,111,111,1111,6,13,0.00,1.175e+01,2.711e-02,5.454e-05,2.441e-04,4.883e-04,4E495354,4B,D,K
2021-12-21,14:34:11,129.6.15.29,N,1,111,111,1111,6,13,0.03,1.234e-03,2.368e-02,4.768e-05,2.441e-04,4.883e-04,4E495354,4B,D,K
2021-12-21,14:35:15,129.6.15.28,N,1,111,111,1111,6,13,0.06,1.294e-03,2.406e-02,4.844e-05,2.441e-04,4.883e-04,4E495354,4B,D,K
2021-12-21,14:35:15,129.6.15.29,N,1,111,111,1111,6,13,0.00,2.120e-03,2.563e-02,5.158e-05,2.441e-04,4.883e-04,4E495354,4B,D,K
2021-12-21,14:36:19,129.6.15.28,N,1,111,111,1111,6,13,0.00,1.757e-03,2.504e-02,5.039e-05,2.441e-04,4.883e-04,4E495354,4B,D,K
2021-12-21,14:36:20,129.6.15.29,N,1,111,111,1111,6,13,0.00,1.210e-03,2.289e-02,4.610e-05,2.441e-04,4.883e-04,4E495354,4B,D,K
2021-12-21,14:37:24,129.6.15.28,N,1,111,111,1111,6,13,0.00,1.016e-02,4.242e-02,7.889e-05,2.441e-04,4.883e-04,4E495354,4B,D,K
2021-12-21,14:37:25,129.6.15.29,N,1,111,111,1111,6,13,0.00,3.107e-04,2.122e-02,4.275e-05,2.441e-04,4.883e-04,4E495354,4B,D,K
2021-12-21,14:38:29,129.6.15.28,N,1,111,111,1111,6,13,0.00,-2.620e-04,2.059e-02,6.708e-06,2.441e-04,4.883e-04,4E495354,4B,D,K
2021-12-21,14:38:29,129.6.15.29,N,1,111,111,1111,6,13,0.00,9.642e-04,2.438e-02,3.060e-06,2.441e-04,4.883e-04,4E495354,4B,D,K
2021-12-21,14:39:34,129.6.15.29,N,1,111,111,1111,6,13,0.00,1.014e-03,2.388e-02,1.284e-06,2.441e-04,4.883e-04,4E495354,4B,D,K
2021-12-21,14:40:38,129.6.15.28,N,1,111,111,1111,6,13,0.19,1.249e-03,2.407e-02,2.881e-06,2.441e-04,4.883e-04,4E495354,4B,D,K
2021-12-21,14:40:39,129.6.15.29,N,1,111,111,1111,6,13,0.00,-6.432e-04,2.068e-02,7.547e-07,2.441e-04,4.883e-04,4E495354,4B,D,K
2021-12-21,14:41:43,129.6.15.28,N,1,111,111,1111,6,13,0.16,4.487e-03,2.995e-02,1.757e-06,2.441e-04,4.883e-04,4E495354,4B,D,K
2021-12-21,14:41:43,129.6.15.29,N,1,111,111,1111,6,13,0.00,8.506e-04,2.291e-02,5.897e-07,2.441e-04,4.883e-04,4E495354,4B,D,K
2021-12-21,14:42:48,129.6.15.28,N,1,111,111,1111,6,13,0.16,1.813e-03,2.431e-02,1.221e-06,2.441e-04,4.883e-04,4E495354,4B,D,K
2021-12-21,14:42:48,129.6.15.29,N,1,111,111,1111,6,13,0.02,2.082e-03,2.488e-02,5.886e-07,2.441e-04,4.883e-04,4E495354,4B,D,K
2021-12-21,14:43:53,129.6.15.28,N,1,111,111,1111,6,13,0.17,9.493e-04,2.248e-02,8.375e-07,2.441e-04,4.883e-04,4E495354,4B,D,K
2021-12-21,14:43:53,129.6.15.29,N,1,111,111,1111,6,13,0.05,-6.876e-04,2.029e-02,5.404e-07,2.441e-04,4.883e-04,4E495354,4B,D,K
2021-12-21,14:44:58,129.6.15.28,N,1,111,111,1111,6,13,0.20,1.011e-03,2.398e-02,6.769e-07,2.441e-04,4.883e-04,4E495354,4B,D,K
2021-12-21,14:44:58,129.6.15.29,N,1,111,111,1111,6,13,0.09,9.524e-04,2.299e-02,4.841e-07,2.441e-04,4.883e-04,4E495354,4B,D,K
2021-12-21,14:45:58,129.6.15.28,N,1,111,111,1111,6,13,0.00,1.081e+01,2.505e-02,5.041e-05,2.441e-04,4.883e-04,4E495354,4B,D,K
2021-12-21,14:45:58,129.6.15.29,N,1,111,111,1111,6,13,0.00,1.081e+01,2.431e-02,4.893e-05,2.441e-04,4.883e-04,4E495354,4B,D,K
2021-12-21,14:47:13,129.6.15.28,N,1,111,111,1111,6,13,0.00,8.015e-04,2.488e-02,5.008e-05,2.441e-04,4.883e-04,4E495354,4B,D,K
2021-12-21,14:47:13,129.6.15.29,N,1,111,111,1111,6,13,0.00,-8.108e-04,2.732e-02,5.495e-05,2.441e-04,4.883e-04,4E495354,4B,D,K
2021-12-21,14:48:18,129.6.15.28,N,1,111,111,1111,6,13,0.00,1.370e-03,2.354e-02,4.740e-05,2.441e-04,4.883e-04,4E495354,4B,D,K
2021-12-21,14:48:19,129.6.15.29,N,1,111,111,1111,6,13,0.00,8.328e-04,2.277e-02,4.586e-05,2.441e-04,4.883e-04,4E495354,4B,D,K
2021-12-21,14:49:22,129.6.15.28,N,1,111,111,1111,6,13,0.00,-3.627e-04,2.015e-02,2.288e-05,2.441e-04,4.883e-04,4E495354,4B,D,K
2021-12-21,14:49:23,129.6.15.29,N,1,111,111,1111,6,13,0.00,7.437e-03,6.323e-02,1.268e-04,2.441e-04,4.883e-04,4E495354,4B,D,K
2021-12-21,14:50:27,129.6.15.28,N,1,111,111,1111,6,13,0.00,1.352e-03,2.392e-02,4.312e-06,2.441e-04,4.883e-04,4E495354,4B,D,K
2021-12-21,14:50:28,129.6.15.29,N,1,111,111,1111,6,13,0.00,1.198e-03,2.378e-02,6.979e-06,2.441e-04,4.883e-04,4E495354,4B,D,K
2021-12-21,14:51:32,129.6.15.28,N,1,111,111,1111,6,13,0.00,1.399e-03,2.378e-02,1.977e-06,2.441e-04,4.883e-04,4E495354,4B,D,K
2021-12-21,14:51:32,129.6.15.29,N,1,111,111,1111,6,13,0.00,1.250e-03,2.353e-02,1.215e-06,2.441e-04,4.883e-04,4E495354,4B,D,K
2021-12-21,14:52:36,129.6.15.28,N,1,111,111,1111,6,13,0.00,3.015e-03,2.712e-02,1.276e-06,2.441e-04,4.883e-04,4E495354,4B,D,K
2021-12-21,14:52:37,129.6.15.29,N,1,111,111,1111,6,13,0.00,1.198e-03,2.407e-02,6.488e-07,2.441e-04,4.883e-04,4E495354,4B,D,K
2021-12-21,14:53:41,129.6.15.28,N,1,111,111,1111,6,13,0.00,1.398e-03,2.373e-02,9.287e-07,2.441e-04,4.883e-04,4E495354,4B,D,K
2021-12-21,14:53:42,129.6.15.29,N,1,111,111,1111,6,13,0.00,1.280e-03,2.394e-02,5.091e-07,2.441e-04,4.883e-04,4E495354,4B,D,K
2021-12-21,14:54:45,129.6.15.28,N,1,111,111,1111,6,13,0.02,1.163e-03,2.355e-02,6.867e-07,2.441e-04,4.883e-04,4E495354,4B,D,K
2021-12-21,14:54:47,129.6.15.29,N,1,111,111,1111,6,13,0.02,1.379e-03,2.326e-02,4.346e-07,2.441e-04,4.883e-04,4E495354,4B,D,K
2021-12-21,14:55:51,129.6.15.28,N,1,111,111,1111,6,13,0.05,5.654e-04,2.553e-02,5.915e-07,2.441e-04,4.883e-04,4E495354,4B,D,K
2021-12-21,14:55:52,129.6.15.29,N,1,111,111,1111,6,13,0.05,1.929e-03,2.507e-02,3.951e-07,2.441e-04,4.883e-04,4E495354,4B,D,K
2021-12-21,14:56:55,129.6.15.28,N,1,111,111,1111,6,13,0.09,1.085e-03,2.409e-02,5.223e-07,2.441e-04,4.883e-04,4E495354,4B,D,K
2021-12-21,14:56:56,129.6.15.29,N,1,111,111,1111,6,13,0.09,7.549e-04,2.477e-02,3.838e-07,2.441e-04,4.883e-04,4E495354,4B,D,K
2021-12-21,14:57:59,129.6.15.28,N,1,111,111,1111,6,13,0.03,1.192e-03,2.382e-02,4.705e-07,2.441e-04,4.883e-04,4E495354,4B,D,K
2021-12-21,14:58:02,129.6.15.29,N,1,111,111,1111,6,13,0.12,-3.949e-05,2.033e-02,3.730e-07,2.441e-04,4.883e-04,4E495354,4B,D,K
2021-12-21,14:59:04,129.6.15.28,N,1,111,111,1111,6,13,0.00,5.116e-04,2.202e-02,7.567e-07,2.441e-04,4.883e-04,4E495354,4B,D,K
2021-12-21,14:59:06,129.6.15.29,N,1,111,111,1111,6,13,0.17,1.318e-03,2.369e-02,4.477e-07,2.441e-04,4.883e-04,4E495354,4B,D,K
2021-12-21,15:00:08,129.6.15.28,N,1,111,111,1111,6,13,0.00,4.698e-04,2.696e-02,5.358e-07,2.441e-04,4.883e-04,4E495354,4B,D,K
2021-12-21,15:00:10,129.6.15.29,N,1,111,111,1111,6,13,0.23,5.239e-05,3.197e-02,4.707e-07,2.441e-04,4.883e-04,4E495354,4B,D,K
2021-12-21,15:01:13,129.6.15.28,N,1,111,111,1111,6,13,0.02,2.201e-03,2.485e-02,4.715e-07,2.441e-04,4.883e-04,4E495354,4B,D,K
2021-12-21,15:01:14,129.6.15.29,N,1,111,111,1111,6,13,0.31,1.220e-03,2.398e-02,4.189e-07,2.441e-04,4.883e-04,4E495354,4B,D,K
2021-12-21,15:02:18,129.6.15.28,N,1,111,111,1111,6,13,0.05,-6.724e-04,2.916e-02,5.526e-07,2.441e-04,4.883e-04,4E495354,4B,D,K
2021-12-21,15:02:18,129.6.15.29,N,1,111,111,1111,6,13,0.41,1.973e-03,3.201e-02,4.341e-07,2.441e-04,4.883e-04,4E495354,4B,D,K
2021-12-21,15:03:22,129.6.15.28,N,1,111,111,1111,6,13,0.09,1.124e-03,2.370e-02,4.861e-07,2.441e-04,4.883e-04,4E495354,4B,D,K
2021-12-21,15:03:23,129.6.15.29,N,1,111,111,1111,6,13,0.50,1.759e-03,2.494e-02,4.016e-07,2.441e-04,4.883e-04,4E495354,4B,D,K
2021-12-21,15:04:27,129.6.15.28,N,1,111,111,1111,6,13,0.16,-1.137e-03,3.025e-02,4.747e-07,2.441e-04,4.883e-04,4E495354,4B,D,K
2021-12-21,15:04:28,129.6.15.29,N,1,111,111,1101,6,13,0.52,4.573e-02,1.225e-01,7.965e-07,2.441e-04,4.883e-04,4E495354,4B,D,K
2021-12-21,15:05:31,129.6.15.28,N,1,111,111,1111,6,13,0.23,3.730e-03,2.805e-02,4.552e-07,2.441e-04,4.883e-04,4E495354,4B,D,K
2021-12-21,15:05:32,129.6.15.29,N,1,111,111,1111,6,13,0.55,1.158e-03,2.350e-02,4.065e-07,2.441e-04,4.883e-04,4E495354,4B,D,K
2021-12-21,15:06:35,129.6.15.28,N,1,111,111,1111,6,13,0.33,1.977e-03,2.526e-02,4.563e-07,2.441e-04,4.883e-04,4E495354,4B,D,K
2021-12-21,15:06:37,129.6.15.29,N,1,111,111,1101,6,13,0.57,-2.472e-02,6.766e-02,7.458e-07,2.441e-04,4.883e-04,4E495354,4B,D,K
2021-12-21,15:07:40,129.6.15.28,N,1,111,111,1111,6,13,0.44,1.608e-03,2.376e-02,4.259e-07,2.441e-04,4.883e-04,4E495354,4B,D,K
2021-12-21,15:07:41,129.6.15.29,N,1,111,111,1111,6,13,0.60,8.404e-04,2.293e-02,4.602e-07,2.441e-04,4.883e-04,4E495354,4B,D,K
2021-12-21,15:08:45,129.6.15.28,N,1,111,111,1111,6,13,0.56,4.395e-05,2.800e-02,4.167e-07,2.441e-04,4.883e-04,4E495354,4B,D,K
2021-12-21,15:08:46,129.6.15.29,N,1,111,111,1111,6,13,0.65,1.064e-03,2.356e-02,4.361e-07,2.441e-04,4.883e-04,4E495354,4B,D,K
2021-12-21,15:09:50,129.6.15.28,N,1,111,111,1111,6,13,0.70,1.485e-03,2.346e-02,3.940e-07,2.441e-04,4.883e-04,4E495354,4B,D,K
2021-12-21,15:09:50,129.6.15.29,N,1,111,111,1111,6,13,0.71,1.169e-03,2.305e-02,4.037e-07,2.441e-04,4.883e-04,4E495354,4B,D,K
2021-12-21,15:10:54,129.6.15.28,N,1,111,111,1111,6,13,0.86,1.905e-03,2.421e-02,3.801e-07,2.441e-04,4.883e-04,4E495354,4B,D,K
2021-12-21,15:10:55,129.6.15.29,N,1,111,111,1111,6,13,0.79,8.673e-04,2.408e-02,3.871e-07,2.441e-04,4.883e-04,4E495354,4B,D,K
2021-12-21,15:11:59,129.6.15.29,N,1,111,111,1111,6,13,0.88,9.594e-04,2.336e-02,3.736e-07,2.441e-04,4.883e-04,4E495354,4B,D,K
2021-12-21,15:13:03,129.6.15.29,N,1,111,111,1111,6,13,0.99,1.382e-03,2.380e-02,3.650e-07,2.441e-04,4.883e-04,4E495354,4B,D,K
2021-12-21,15:14:07,129.6.15.29,N,1,111,111,1111,7,13,0.07,1.848e-03,2.507e-02,3.604e-07,2.441e-04,4.883e-04,4E495354,4B,D,K
2021-12-21,15:15:11,129.6.15.28,N,1,111,111,1111,7,13,0.53,1.891e-03,2.442e-02,3.708e-07,2.441e-04,4.883e-04,4E495354,4B,D,K
2021-12-21,15:16:17,129.6.15.29,N,1,111,111,1111,7,13,0.17,8.698e-04,2.291e-02,3.526e-07,2.441e-04,4.883e-04,4E495354,4B,D,K
2021-12-21,15:17:20,129.6.15.28,N,1,111,111,1111,7,13,0.72,7.767e-04,2.607e-02,3.641e-07,2.441e-04,4.883e-04,4E495354,4B,D,K
2021-12-21,15:18:26,129.6.15.29,N,1,111,111,1111,7,13,0.27,2.291e-03,2.513e-02,3.391e-07,2.441e-04,4.883e-04,4E495354,4B,D,K
2021-12-21,15:19:29,129.6.15.28,N,1,111,111,1111,7,13,0.92,7.495e-04,2.482e-02,3.575e-07,2.441e-04,4.883e-04,4E495354,4B,D,K
2021-12-21,15:20:35,129.6.15.29,N,1,111,111,1111,7,13,0.40,1.250e-03,2.363e-02,3.420e-07,2.441e-04,4.883e-04,4E495354,4B,D,K
2021-12-21,15:21:39,129.6.15.28,N,1,111,111,1111,8,13,0.14,1.448e-03,2.341e-02,3.501e-07,2.441e-04,4.883e-04,4E495354,4B,D,K
2021-12-21,15:22:46,129.6.15.29,N,1,111,111,1111,7,13,0.54,1.735e-03,2.394e-02,3.374e-07,2.441e-04,4.883e-04,4E495354,4B,D,K
2021-12-21,15:24:56,129.6.15.29,N,1,111,111,1111,7,13,0.48,-8.771e-04,2.169e-02,3.337e-07,2.441e-04,4.883e-04,4E495354,4B,D,K
